{"cameraMode":{"drawMode":0,"name":"Shaded","section":"Shading Mode"},"sceneLighting":true,"audioPlay":false,"sceneViewState":{"m_AlwaysRefresh":false,"showFog":true,"showSkybox":true,"showFlares":true,"showImageEffects":true,"showParticleSystems":true,"showVisualEffectGraphs":true,"m_FxEnabled":true},"in2DMode":false,"pivot":{"x":0.09972429275512696,"y":0.4562099575996399,"z":0.2005748748779297},"rotation":{"x":-0.1403576135635376,"y":0.049592774361371997,"z":-0.007040941156446934,"w":-0.9888362884521484},"size":1.3976373672485352,"orthographic":true}